D/H Sample,ID,intensidadeVentoKM,temperatura,radiacao,idDireccVento,precAcumulada,intensidadeVento,humidade,pressao
2021-11-22T23:00,1200535,5.4,10.2,0.0,7.0,0.0,1.5,74.0,1013.9
2021-11-23T00:00,1200535,10.1,9.9,0.0,9.0,0.0,2.8,77.0,1013.8
2021-11-23T01:00,1200535,7.9,9.9,0.0,8.0,0.0,2.2,74.0,1013.6
2021-11-23T02:00,1200535,9.0,9.9,0.0,8.0,0.0,2.5,74.0,1013.4
2021-11-23T03:00,1200535,5.4,9.8,0.0,9.0,0.0,1.5,74.0,1013.5
2021-11-23T04:00,1200535,5.4,9.2,0.0,7.0,0.0,1.5,77.0,1013.2
2021-11-23T05:00,1200535,8.6,9.1,0.0,8.0,0.0,2.4,80.0,1013.0
2021-11-23T06:00,1200535,11.2,9.8,0.0,8.0,0.0,3.1,78.0,1012.8
2021-11-23T07:00,1200535,8.6,10.1,0.0,9.0,0.0,2.4,75.0,1013.1
2021-11-23T08:00,1200535,9.0,10.4,36.0,9.0,0.0,2.5,76.0,1013.1
2021-11-23T09:00,1200535,19.1,11.4,436.2,9.0,0.0,5.3,71.0,1013.6
2021-11-23T10:00,1200535,18.7,12.9,1014.9,9.0,0.0,5.2,63.0,1013.9
2021-11-23T11:00,1200535,19.4,14.6,1472.8,9.0,0.0,5.4,56.0,1014.2
2021-11-23T12:00,1200535,18.4,15.1,1781.8,1.0,0.0,5.1,52.0,1014.3
2021-11-23T13:00,1200535,11.9,15.6,1858.5,8.0,0.0,3.3,50.0,1013.8
2021-11-23T14:00,1200535,17.6,16.1,1720.0,8.0,0.0,4.9,48.0,1013.3
2021-11-23T15:00,1200535,18.7,15.5,1223.9,1.0,0.0,5.2,48.0,1013.3
2021-11-23T16:00,1200535,18.7,14.6,960.1,9.0,0.0,5.2,47.0,1013.7
2021-11-23T17:00,1200535,18.4,13.9,394.1,1.0,0.0,5.1,49.0,1014.3
2021-11-23T18:00,1200535,11.2,12.9,16.8,1.0,0.0,3.1,54.0,1015.1
2021-11-23T19:00,1200535,11.2,12.5,0.0,1.0,0.0,3.1,61.0,1015.5
2021-11-23T20:00,1200535,9.7,12.0,0.0,9.0,0.0,2.7,65.0,1015.9
2021-11-23T21:00,1200535,5.0,11.3,0.0,6.0,0.0,1.4,69.0,1016.3
2021-11-23T22:00,1200535,9.0,10.7,0.0,8.0,0.0,2.5,73.0,1016.7
2021-11-24T00:00,1200535,7.9,10.7,0.0,6.0,0.0,2.2,82.0,1017.0
2021-11-24T01:00,1200535,9.4,10.2,0.0,7.0,0.0,2.6,85.0,1016.7
2021-11-24T02:00,1200535,9.7,10.3,0.0,9.0,0.0,2.7,86.0,1016.5
2021-11-24T03:00,1200535,7.6,11.4,0.0,9.0,0.0,2.1,83.0,1016.6
2021-11-24T04:00,1200535,4.3,11.2,0.0,7.0,0.0,1.2,81.0,1016.6
2021-11-24T05:00,1200535,4.7,10.5,0.0,8.0,0.0,1.3,84.0,1016.5
2021-11-24T06:00,1200535,3.6,10.2,0.0,8.0,0.0,1.0,85.0,1016.7
2021-11-24T07:00,1200535,5.4,10.5,0.0,7.0,0.0,1.5,84.0,1016.8
2021-11-24T08:00,1200535,5.0,10.2,40.9,8.0,0.0,1.4,83.0,1017.0
2021-11-24T09:00,1200535,6.1,11.0,356.9,8.0,0.0,1.7,80.0,1017.4
2021-11-24T10:00,1200535,11.5,12.8,925.3,1.0,0.0,3.2,71.0,1017.7
2021-11-24T11:00,1200535,13.7,13.5,1218.6,1.0,0.0,3.8,66.0,1018.2
2021-11-24T12:00,1200535,17.6,13.9,1205.0,9.0,0.0,4.9,61.0,1018.0
2021-11-24T13:00,1200535,21.2,14.0,1344.3,9.0,0.0,5.9,57.0,1017.6
2021-11-24T14:00,1200535,18.0,14.7,1441.4,9.0,0.0,5.0,54.0,1017.1
2021-11-24T15:00,1200535,20.2,14.5,881.9,9.0,0.0,5.6,52.0,1016.6
2021-11-24T16:00,1200535,24.5,13.9,820.4,9.0,0.0,6.8,56.0,1016.4
2021-11-24T17:00,1200535,14.4,13.3,200.3,9.0,0.0,4.0,62.0,1016.5
2021-11-24T18:00,1200535,9.0,12.9,6.8,1.0,0.0,2.5,68.0,1016.3
2021-11-24T19:00,1200535,24.1,13.0,0.0,9.0,0.0,6.7,69.0,1016.1
2021-11-24T20:00,1200535,18.7,13.1,0.0,9.0,0.0,5.2,68.0,1016.1
2021-11-24T21:00,1200535,15.5,12.7,0.0,9.0,0.0,4.3,69.0,1016.1
2021-11-24T22:00,1200535,17.3,12.6,0.0,9.0,0.0,4.8,71.0,1016.6
2021-11-24T23:00,1200535,17.6,12.7,0.0,8.0,0.0,4.9,69.0,1016.8
2021-11-25T00:00,1200535,20.2,12.5,0.0,1.0,0.0,5.6,67.0,1016.7
2021-11-25T01:00,1200535,18.0,12.1,0.0,1.0,0.0,5.0,65.0,1016.5
2021-11-25T02:00,1200535,10.1,11.8,0.0,9.0,0.0,2.8,64.0,1015.8
2021-11-25T03:00,1200535,10.4,11.9,0.0,1.0,0.0,2.9,66.0,1015.4
2021-11-25T04:00,1200535,12.2,12.0,0.0,1.0,0.0,3.4,70.0,1014.7
2021-11-25T05:00,1200535,9.0,11.8,0.0,1.0,0.0,2.5,71.0,1014.1
2021-11-25T06:00,1200535,14.4,11.9,0.0,9.0,0.0,4.0,72.0,1013.7
2021-11-25T07:00,1200535,14.4,11.7,0.0,9.0,0.0,4.0,73.0,1013.1
2021-11-25T08:00,1200535,4.0,11.2,42.3,8.0,0.0,1.1,76.0,1013.1
2021-11-25T09:00,1200535,10.1,11.5,416.9,6.0,0.0,2.8,78.0,1012.6
2021-11-25T10:00,1200535,12.2,11.8,321.7,8.0,1.4,3.4,86.0,1012.6
2021-11-25T11:00,1200535,19.1,10.5,660.6,8.0,0.3,5.3,84.0,1012.6
2021-11-25T12:00,1200535,14.0,10.1,323.4,8.0,0.1,3.9,78.0,1011.7
2021-11-25T13:00,1200535,10.4,12.6,1722.9,9.0,0.0,2.9,69.0,1011.2
2021-11-25T14:00,1200535,20.9,13.0,940.5,9.0,0.3,5.8,61.0,1010.5
2021-11-25T15:00,1200535,12.2,12.0,1163.4,8.0,0.1,3.4,68.0,1010.1
2021-11-25T16:00,1200535,12.6,12.1,595.7,8.0,0.0,3.5,63.0,1009.9
2021-11-25T17:00,1200535,9.7,11.6,245.4,9.0,0.0,2.7,66.0,1010.1
2021-11-25T18:00,1200535,9.7,10.9,8.8,1.0,0.0,2.7,71.0,1010.5
2021-11-25T19:00,1200535,12.2,10.2,0.0,1.0,0.0,3.4,76.0,1011.1
2021-11-25T20:00,1200535,13.3,10.0,0.0,1.0,0.0,3.7,74.0,1012.1
2021-11-25T22:00,1200535,13.7,9.9,0.0,1.0,0.0,3.8,75.0,1012.7
2021-11-25T23:00,1200535,13.7,9.7,0.0,9.0,0.0,3.8,74.0,1012.9
2021-11-26T00:00,1200535,13.0,9.8,0.0,1.0,0.0,3.6,73.0,1012.9
2021-11-26T01:00,1200535,13.7,10.2,0.0,1.0,0.0,3.8,69.0,1012.7
2021-11-26T02:00,1200535,15.8,10.3,0.0,9.0,0.0,4.4,66.0,1012.9
2021-11-26T03:00,1200535,11.9,10.0,0.0,1.0,0.0,3.3,68.0,1013.0
2021-11-26T04:00,1200535,11.5,9.6,0.0,0.0,0.0,3.2,71.0,1013.3
2021-11-26T05:00,1200535,10.4,9.6,0.0,1.0,0.0,2.9,73.0,1013.3
2021-11-26T06:00,1200535,11.9,9.2,0.0,0.0,0.0,3.3,74.0,1013.6
2021-11-26T07:00,1200535,14.8,9.1,0.0,9.0,0.0,4.1,70.0,1014.1
2021-11-26T08:00,1200535,12.6,9.2,33.0,1.0,0.0,3.5,66.0,1014.8
2021-11-26T09:00,1200535,9.7,9.8,419.3,0.0,0.0,2.7,62.0,1015.5
2021-11-26T10:00,1200535,9.4,11.2,977.9,1.0,0.0,2.6,58.0,1016.2
2021-11-26T11:00,1200535,16.6,13.1,1472.4,1.0,0.0,4.6,50.0,1016.5
2021-11-26T12:00,1200535,16.6,13.7,1766.8,0.0,0.0,4.6,48.0,1016.3
2021-11-26T13:00,1200535,18.4,14.3,1829.0,9.0,0.0,5.1,47.0,1015.8
2021-11-26T14:00,1200535,17.3,14.3,1692.1,1.0,0.0,4.8,50.0,1015.4
2021-11-26T15:00,1200535,23.0,13.9,1425.1,9.0,0.0,6.4,54.0,1015.1
2021-11-26T16:00,1200535,20.2,13.2,909.6,9.0,0.0,5.6,56.0,1015.1
2021-11-26T17:00,1200535,20.2,12.3,367.2,0.0,0.0,5.6,55.0,1015.5
2021-11-26T18:00,1200535,18.4,11.7,11.2,1.0,0.0,5.1,62.0,1015.8
2021-11-26T19:00,1200535,29.2,11.5,0.0,9.0,0.0,8.1,62.0,1016.0
2021-11-26T20:00,1200535,30.6,11.4,0.0,9.0,0.0,8.5,61.0,1016.4
2021-11-26T21:00,1200535,21.6,11.3,0.0,9.0,0.0,6.0,64.0,1016.8
2021-11-26T22:00,1200535,16.2,10.9,0.0,9.0,0.0,4.5,68.0,1017.1
2021-11-26T23:00,1200535,11.9,10.9,0.0,9.0,0.0,3.3,69.0,1017.1
2021-11-27T00:00,1200535,11.2,10.7,0.0,9.0,0.0,3.1,71.0,1016.9
2021-11-27T01:00,1200535,7.9,10.6,0.0,9.0,0.0,2.2,76.0,1016.6
2021-11-27T02:00,1200535,3.6,10.6,0.0,7.0,0.0,1.0,78.0,1016.2
2021-11-27T03:00,1200535,6.1,10.1,0.0,6.0,0.0,1.7,81.0,1015.8
2021-11-27T04:00,1200535,5.8,9.5,0.0,7.0,0.1,1.6,89.0,1015.3
2021-11-27T05:00,1200535,6.1,9.6,0.0,8.0,0.0,1.7,95.0,1014.8
2021-11-27T06:00,1200535,9.4,9.8,0.0,8.0,0.0,2.6,96.0,1014.6
2021-11-27T07:00,1200535,13.3,10.3,0.0,9.0,0.0,3.7,93.0,1014.5
2021-11-27T08:00,1200535,5.4,10.6,25.6,7.0,0.0,1.5,91.0,1014.7
2021-11-27T09:00,1200535,12.2,11.4,360.9,8.0,0.0,3.4,90.0,1015.0
2021-11-27T10:00,1200535,19.4,13.7,918.3,9.0,0.0,5.4,78.0,1015.5
2021-11-27T11:00,1200535,31.0,14.4,1143.6,0.0,0.0,8.6,71.0,1016.0
2021-11-27T12:00,1200535,22.3,14.2,1529.6,9.0,0.0,6.2,67.0,1016.1
2021-11-27T13:00,1200535,24.8,14.8,1256.9,9.0,0.0,6.9,58.0,1016.0
2021-11-27T14:00,1200535,19.8,13.9,1274.5,9.0,0.0,5.5,60.0,1016.1
2021-11-27T15:00,1200535,25.9,14.0,1293.0,9.0,0.0,7.2,54.0,1016.1
2021-11-27T16:00,1200535,20.2,13.2,662.4,1.0,0.0,5.6,50.0,1016.7
2021-11-27T17:00,1200535,18.7,12.4,309.9,1.0,0.0,5.2,50.0,1017.4
2021-11-27T18:00,1200535,20.2,12.0,12.3,0.0,0.0,5.6,54.0,1018.2
2021-11-27T19:00,1200535,9.0,11.5,0.0,9.0,0.0,2.5,54.0,1019.0
2021-11-27T20:00,1200535,11.5,11.0,0.0,9.0,0.0,3.2,57.0,1019.9
2021-11-27T21:00,1200535,16.6,10.8,0.0,9.0,0.0,4.6,55.0,1020.7
2021-11-27T22:00,1200535,16.2,10.4,0.0,9.0,0.0,4.5,56.0,1021.1
2021-11-27T23:00,1200535,9.0,9.8,0.0,9.0,0.0,2.5,57.0,1021.5
2021-11-28T00:00,1200535,4.7,8.9,0.0,8.0,0.0,1.3,59.0,1021.9
2021-11-28T01:00,1200535,3.6,8.3,0.0,6.0,0.0,1.0,62.0,1022.0
2021-11-28T02:00,1200535,6.8,8.5,0.0,8.0,0.0,1.9,64.0,1021.9
2021-11-28T03:00,1200535,6.8,8.8,0.0,8.0,0.0,1.9,67.0,1022.1
2021-11-28T04:00,1200535,9.7,9.0,0.0,8.0,0.0,2.7,71.0,1022.3
2021-11-28T05:00,1200535,7.2,9.0,0.0,8.0,0.0,2.0,74.0,1022.3
2021-11-28T06:00,1200535,6.5,8.4,0.0,8.0,0.0,1.8,78.0,1022.5
2021-11-28T07:00,1200535,3.6,8.3,0.0,7.0,0.0,1.0,80.0,1023.0
2021-11-28T08:00,1200535,9.0,8.2,26.7,9.0,0.0,2.5,80.0,1023.8
2021-11-28T09:00,1200535,11.5,9.3,386.6,9.0,0.0,3.2,73.0,1024.5
2021-11-28T10:00,1200535,11.5,11.1,935.2,1.0,0.0,3.2,64.0,1025.3
2021-11-28T11:00,1200535,9.0,13.1,1425.9,1.0,0.0,2.5,56.0,1025.6
2021-11-28T12:00,1200535,14.4,14.1,1494.9,9.0,0.0,4.0,54.0,1025.5
2021-11-28T13:00,1200535,19.1,14.0,800.1,9.0,0.0,5.3,54.0,1025.2
2021-11-28T14:00,1200535,18.4,14.4,1282.9,8.0,0.0,5.1,57.0,1025.0
2021-11-28T15:00,1200535,16.6,14.6,1311.6,8.0,0.0,4.6,55.0,1024.7
2021-11-28T16:00,1200535,16.2,14.1,818.5,9.0,0.0,4.5,57.0,1024.7
2021-11-28T17:00,1200535,10.8,13.6,271.9,8.0,0.0,3.0,63.0,1024.9
2021-11-28T18:00,1200535,13.7,12.9,6.3,8.0,0.0,3.8,73.0,1024.8
2021-11-28T19:00,1200535,11.5,12.4,0.0,7.0,0.0,3.2,87.0,1025.1
2021-11-28T20:00,1200535,11.9,12.6,0.0,8.0,0.1,3.3,92.0,1025.1
2021-11-28T21:00,1200535,13.0,13.3,0.0,8.0,0.0,3.6,87.0,1025.3
2021-11-28T22:00,1200535,17.6,13.5,0.0,8.0,0.1,4.9,86.0,1025.4
2021-11-28T23:00,1200535,12.2,13.4,0.0,8.0,0.0,3.4,84.0,1025.8
2021-11-29T00:00,1200535,13.7,13.5,0.0,8.0,0.0,3.8,84.0,1026.0
2021-11-29T01:00,1200535,13.7,13.2,0.0,8.0,0.0,3.8,85.0,1025.8
2021-11-29T02:00,1200535,11.9,12.8,0.0,8.0,0.0,3.3,87.0,1025.4
2021-11-29T03:00,1200535,10.4,12.8,0.0,8.0,0.0,2.9,86.0,1025.3
2021-11-29T04:00,1200535,9.7,12.7,0.0,8.0,0.0,2.7,86.0,1025.2
2021-11-29T05:00,1200535,14.4,12.6,0.0,9.0,0.1,4.0,87.0,1025.4
2021-11-29T06:00,1200535,10.8,12.8,0.0,9.0,0.0,3.0,81.0,1025.6
2021-11-29T07:00,1200535,12.6,12.9,0.0,9.0,0.0,3.5,77.0,1025.9
2021-11-29T08:00,1200535,10.4,13.0,8.9,8.0,0.0,2.9,73.0,1026.3
2021-11-29T09:00,1200535,10.4,12.7,107.7,8.0,0.0,2.9,77.0,1026.9
2021-11-29T10:00,1200535,14.8,13.8,721.8,8.0,0.0,4.1,75.0,1027.3
2021-11-29T11:00,1200535,15.1,15.2,1084.6,9.0,0.0,4.2,65.0,1027.5
2021-11-29T12:00,1200535,16.6,14.4,452.8,8.0,0.0,4.6,69.0,1027.4
2021-11-29T13:00,1200535,12.6,15.0,953.5,9.0,0.0,3.5,67.0,1026.6
2021-11-29T14:00,1200535,13.3,15.7,1215.8,8.0,0.0,3.7,60.0,1026.0
2021-11-29T15:00,1200535,13.7,15.6,551.9,8.0,0.0,3.8,59.0,1025.6
2021-11-29T16:00,1200535,13.3,14.8,353.6,9.0,0.0,3.7,60.0,1025.7
2021-11-29T17:00,1200535,13.7,14.2,151.2,9.0,0.0,3.8,60.0,1025.7
2021-11-29T18:00,1200535,11.2,13.9,5.1,8.0,0.0,3.1,59.0,1025.7
2021-11-29T19:00,1200535,6.8,13.6,0.0,8.0,0.0,1.9,59.0,1025.8
2021-11-29T20:00,1200535,4.3,13.2,0.0,8.0,0.0,1.2,64.0,1026.1
2021-11-29T21:00,1200535,3.2,13.0,0.0,7.0,0.0,0.9,67.0,1026.2
2021-11-29T22:00,1200535,6.8,12.6,0.0,7.0,0.0,1.9,70.0,1026.2
2021-11-29T23:00,1200535,4.0,12.6,0.0,6.0,0.0,1.1,73.0,1026.1
2021-11-30T00:00,1200535,4.7,12.6,0.0,8.0,0.0,1.3,73.0,1026.3
2021-11-30T01:00,1200535,5.4,12.4,0.0,7.0,0.0,1.5,74.0,1026.1
2021-11-30T02:00,1200535,5.0,12.4,0.0,7.0,0.0,1.4,74.0,1025.6
2021-11-30T03:00,1200535,5.0,12.3,0.0,6.0,0.0,1.4,74.0,1025.7
2021-11-30T04:00,1200535,1.4,12.2,0.0,8.0,0.0,0.4,77.0,1025.6
2021-11-30T05:00,1200535,1.1,12.0,0.0,0.0,0.0,0.3,80.0,1025.5
2021-11-30T06:00,1200535,2.9,11.4,0.0,2.0,0.0,0.8,82.0,1025.6
2021-11-30T07:00,1200535,3.2,11.7,0.0,2.0,0.0,0.9,85.0,1025.8
2021-11-30T08:00,1200535,4.3,11.8,12.4,2.0,0.0,1.2,85.0,1026.4
2021-11-30T09:00,1200535,4.0,12.0,197.5,2.0,0.0,1.1,83.0,1027.0
2021-11-30T10:00,1200535,5.8,12.8,492.9,2.0,0.0,1.6,79.0,1027.5
2021-11-30T11:00,1200535,4.7,14.0,1221.5,3.0,0.0,1.3,72.0,1027.8
2021-11-30T12:00,1200535,5.8,15.4,1663.1,2.0,0.0,1.6,64.0,1027.7
2021-11-30T13:00,1200535,8.6,15.5,1481.5,4.0,0.0,2.4,62.0,1027.3
2021-11-30T14:00,1200535,5.4,15.9,1408.0,3.0,0.0,1.5,58.0,1026.7
2021-11-30T15:00,1200535,3.2,16.0,1412.6,3.0,0.0,0.9,55.0,1026.4
2021-11-30T16:00,1200535,5.4,15.2,758.6,6.0,0.0,1.5,59.0,1026.4
2021-11-30T17:00,1200535,8.3,14.7,264.1,6.0,0.0,2.3,68.0,1026.7
2021-11-30T18:00,1200535,7.9,14.2,4.8,6.0,0.0,2.2,69.0,1027.0
2021-11-30T19:00,1200535,5.8,13.9,0.0,8.0,0.0,1.6,75.0,1027.4
2021-11-30T20:00,1200535,6.5,13.4,0.0,1.0,0.0,1.8,77.0,1027.8
2021-11-30T21:00,1200535,7.9,13.4,0.0,2.0,0.0,2.2,66.0,1027.9
2021-11-30T22:00,1200535,6.1,12.7,0.0,2.0,0.0,1.7,67.0,1027.9
2021-11-30T23:00,1200535,5.4,11.6,0.0,9.0,0.0,1.5,76.0,1028.0
2021-12-01T00:00,1200535,5.4,11.0,0.0,2.0,0.0,1.5,81.0,1027.9
2021-12-01T01:00,1200535,3.6,10.5,0.0,2.0,0.0,1.0,78.0,1027.6
2021-12-01T02:00,1200535,1.8,10.1,0.0,9.0,0.0,0.5,83.0,1027.3
2021-12-01T03:00,1200535,2.9,9.8,0.0,1.0,0.0,0.8,85.0,1027.0
2021-12-01T04:00,1200535,1.4,9.4,0.0,3.0,0.0,0.4,86.0,1026.9
2021-12-01T05:00,1200535,3.6,9.0,0.0,0.0,0.0,1.0,89.0,1026.7
2021-12-01T06:00,1200535,4.3,8.8,0.0,6.0,0.0,1.2,90.0,1026.6
2021-12-01T07:00,1200535,4.7,8.6,0.0,5.0,0.0,1.3,92.0,1026.8
2021-12-01T08:00,1200535,2.5,8.5,23.9,6.0,0.0,0.7,94.0,1027.1
2021-12-01T09:00,1200535,1.8,8.9,338.6,8.0,0.0,0.5,96.0,1027.1
2021-12-01T10:00,1200535,4.0,11.4,837.6,6.0,0.0,1.1,89.0,1027.3
2021-12-01T11:00,1200535,7.2,13.3,661.4,6.0,0.0,2.0,78.0,1027.5
2021-12-01T12:00,1200535,14.8,15.3,1166.8,6.0,0.0,4.1,70.0,1026.8
2021-12-01T13:00,1200535,13.7,14.6,640.8,6.0,0.0,3.8,77.0,1025.9
2021-12-01T14:00,1200535,7.9,13.9,276.4,7.0,0.0,2.2,89.0,1024.9
2021-12-01T15:00,1200535,10.8,15.2,883.8,8.0,0.0,3.0,82.0,1024.1
2021-12-01T16:00,1200535,8.6,15.4,310.2,7.0,0.0,2.4,79.0,1023.6
2021-12-01T17:00,1200535,9.7,14.5,120.8,7.0,0.1,2.7,89.0,1023.2
2021-12-01T18:00,1200535,13.7,14.3,6.3,8.0,0.0,3.8,89.0,1022.7
2021-12-01T19:00,1200535,20.5,13.8,0.0,9.0,0.0,5.7,86.0,1022.8
2021-12-01T20:00,1200535,14.8,13.5,0.0,9.0,0.0,4.1,79.0,1023.0
2021-12-01T22:00,1200535,10.8,12.8,0.0,9.0,0.0,3.0,76.0,1023.2
2021-12-01T23:00,1200535,12.6,12.5,0.0,8.0,0.0,3.5,77.0,1022.8
2021-12-02T00:00,1200535,9.4,12.3,0.0,8.0,0.0,2.6,79.0,1022.3
2021-12-02T01:00,1200535,11.9,12.0,0.0,8.0,0.0,3.3,83.0,1021.6
2021-12-02T02:00,1200535,11.2,11.9,0.0,8.0,0.0,3.1,80.0,1020.8
2021-12-02T03:00,1200535,9.7,12.0,0.0,8.0,0.0,2.7,82.0,1020.2
2021-12-02T04:00,1200535,15.1,12.3,0.0,8.0,0.0,4.2,81.0,1019.9
2021-12-02T05:00,1200535,11.5,12.2,0.0,9.0,0.0,3.2,81.0,1019.4
2021-12-02T06:00,1200535,19.4,11.6,0.0,9.0,0.9,5.4,87.0,1019.2
2021-12-02T07:00,1200535,18.7,11.2,0.0,1.0,0.4,5.2,90.0,1019.3
2021-12-02T08:00,1200535,21.2,11.0,18.8,9.0,0.0,5.9,87.0,1019.8
2021-12-02T09:00,1200535,25.2,11.4,365.3,9.0,0.0,7.0,78.0,1020.1
2021-12-02T10:00,1200535,25.2,12.4,907.6,9.0,0.0,7.0,69.0,1021.1
2021-12-02T11:00,1200535,32.0,13.5,1431.1,1.0,0.0,8.9,56.0,1021.5
2021-12-02T12:00,1200535,20.2,14.1,1720.5,1.0,0.0,5.6,49.0,1021.7
2021-12-02T13:00,1200535,24.8,14.5,1788.7,1.0,0.0,6.9,46.0,1021.5
2021-12-02T14:00,1200535,23.0,14.5,1695.3,1.0,0.0,6.4,46.0,1021.2
2021-12-02T15:00,1200535,21.2,14.5,1407.5,0.0,0.0,5.9,46.0,1021.0
2021-12-02T16:00,1200535,27.7,13.6,897.5,9.0,0.0,7.7,47.0,1021.2
2021-12-02T17:00,1200535,20.2,12.8,343.8,1.0,0.0,5.6,53.0,1021.7
2021-12-02T18:00,1200535,25.6,12.0,10.4,9.0,0.0,7.1,57.0,1022.3
2021-12-02T19:00,1200535,23.8,11.6,0.0,9.0,0.0,6.6,63.0,1023.0
2021-12-02T20:00,1200535,16.6,11.2,0.0,0.0,0.0,4.6,67.0,1024.1
2021-12-02T21:00,1200535,17.3,11.1,0.0,1.0,0.0,4.8,68.0,1024.9
2021-12-02T22:00,1200535,17.3,11.0,0.0,1.0,0.0,4.8,69.0,1025.2
2021-12-02T23:00,1200535,12.6,11.0,0.0,1.0,0.0,3.5,69.0,1025.6
2021-12-03T00:00,1200535,15.5,10.8,0.0,9.0,0.0,4.3,69.0,1025.8
2021-12-03T01:00,1200535,15.5,10.6,0.0,1.0,0.0,4.3,71.0,1025.6
2021-12-03T02:00,1200535,9.4,10.3,0.0,1.0,0.0,2.6,73.0,1025.6
2021-12-03T03:00,1200535,9.4,9.7,0.0,9.0,0.0,2.6,76.0,1026.0
2021-12-03T04:00,1200535,7.6,9.0,0.0,9.0,0.0,2.1,79.0,1026.0
2021-12-03T05:00,1200535,11.5,9.3,0.0,1.0,0.0,3.2,77.0,1025.8
2021-12-03T06:00,1200535,13.3,9.5,0.0,1.0,0.0,3.7,73.0,1025.9
2021-12-03T07:00,1200535,18.0,9.5,0.0,1.0,0.0,5.0,70.0,1026.1
2021-12-03T08:00,1200535,14.0,9.5,18.9,9.0,0.0,3.9,67.0,1026.6
2021-12-03T09:00,1200535,10.8,10.0,345.2,1.0,0.0,3.0,63.0,1027.4
2021-12-03T10:00,1200535,11.2,11.4,878.8,1.0,0.0,3.1,58.0,1028.2
2021-12-03T11:00,1200535,13.3,13.4,1365.9,1.0,0.0,3.7,53.0,1028.4
2021-12-03T12:00,1200535,17.6,14.4,1667.1,1.0,0.0,4.9,51.0,1028.0
2021-12-03T13:00,1200535,13.0,15.3,1736.7,1.0,0.0,3.6,49.0,1027.3
2021-12-03T14:00,1200535,8.3,15.7,1624.0,9.0,0.0,2.3,50.0,1026.7
2021-12-03T15:00,1200535,8.3,16.3,1342.5,1.0,0.0,2.3,49.0,1026.3
2021-12-03T16:00,1200535,11.9,15.6,844.5,9.0,0.0,3.3,53.0,1026.2
2021-12-03T17:00,1200535,14.0,14.8,321.5,0.0,0.0,3.9,56.0,1026.5
2021-12-03T18:00,1200535,13.7,13.5,10.2,9.0,0.0,3.8,66.0,1026.8
2021-12-03T19:00,1200535,18.7,12.6,0.0,9.0,0.0,5.2,72.0,1027.1
2021-12-03T20:00,1200535,17.3,12.3,0.0,9.0,0.0,4.8,75.0,1027.4
2021-12-03T21:00,1200535,13.7,12.1,0.0,9.0,0.0,3.8,78.0,1027.7
2021-12-03T22:00,1200535,14.8,11.8,0.0,9.0,0.0,4.1,79.0,1027.8
2021-12-03T23:00,1200535,13.0,11.7,0.0,9.0,0.0,3.6,79.0,1028.2
2021-12-04T00:00,1200535,4.3,11.6,0.0,8.0,0.0,1.2,80.0,1028.3
2021-12-04T01:00,1200535,4.3,11.9,0.0,7.0,0.0,1.2,81.0,1028.2
2021-12-04T02:00,1200535,5.0,12.2,0.0,7.0,0.0,1.4,82.0,1027.9
2021-12-04T03:00,1200535,5.8,12.1,0.0,7.0,0.0,1.6,87.0,1027.8
2021-12-04T04:00,1200535,5.0,11.8,0.0,7.0,0.0,1.4,93.0,1027.7
2021-12-04T05:00,1200535,6.5,11.3,0.0,6.0,0.0,1.8,93.0,1027.5
2021-12-04T06:00,1200535,6.8,11.1,0.0,6.0,0.0,1.9,96.0,1027.4
2021-12-04T07:00,1200535,6.5,11.1,0.0,6.0,0.0,1.8,97.0,1027.5
2021-12-04T08:00,1200535,8.3,11.5,17.0,6.0,0.0,2.3,97.0,1027.7
2021-12-04T09:00,1200535,9.0,12.8,173.5,6.0,0.1,2.5,98.0,1027.8
2021-12-04T10:00,1200535,5.0,14.2,743.6,6.0,0.0,1.4,93.0,1028.1
2021-12-04T11:00,1200535,15.1,16.1,753.0,6.0,0.0,4.2,82.0,1028.3
2021-12-04T12:00,1200535,13.3,15.5,548.8,6.0,0.0,3.7,88.0,1028.2
2021-12-04T13:00,1200535,7.9,15.1,280.9,6.0,0.2,2.2,94.0,1027.6
2021-12-04T14:00,1200535,10.4,15.5,276.8,7.0,0.0,2.9,94.0,1026.9
2021-12-04T15:00,1200535,11.9,16.1,379.5,8.0,0.0,3.3,89.0,1026.6
2021-12-04T16:00,1200535,7.2,16.4,374.1,8.0,0.0,2.0,87.0,1026.4
2021-12-04T17:00,1200535,14.0,16.0,285.8,9.0,0.0,3.9,86.0,1026.6
2021-12-04T18:00,1200535,14.4,15.2,12.4,9.0,0.1,4.0,83.0,1026.9
2021-12-04T19:00,1200535,7.6,14.1,0.0,1.0,0.0,2.1,79.0,1027.4
2021-12-04T20:00,1200535,13.3,13.2,0.0,1.0,0.0,3.7,76.0,1028.1
2021-12-04T21:00,1200535,6.5,12.2,0.0,1.0,0.0,1.8,76.0,1028.8
2021-12-04T22:00,1200535,4.7,11.5,0.0,9.0,0.0,1.3,79.0,1029.1
2021-12-04T23:00,1200535,5.8,11.2,0.0,6.0,0.0,1.6,80.0,1029.3
2021-12-05T00:00,1200535,5.4,10.8,0.0,6.0,0.0,1.5,82.0,1029.1
2021-12-05T01:00,1200535,4.0,10.8,0.0,6.0,0.0,1.1,84.0,1029.0
2021-12-05T02:00,1200535,2.9,10.9,0.0,6.0,0.0,0.8,86.0,1028.6
2021-12-05T03:00,1200535,3.2,10.8,0.0,2.0,0.0,0.9,88.0,1028.8
2021-12-05T04:00,1200535,5.0,10.6,0.0,6.0,0.0,1.4,89.0,1028.8
2021-12-05T05:00,1200535,5.8,11.1,0.0,7.0,0.0,1.6,85.0,1028.5
2021-12-05T06:00,1200535,4.3,11.1,0.0,1.0,0.0,1.2,81.0,1028.8
2021-12-05T07:00,1200535,10.8,11.5,0.0,9.0,0.0,3.0,68.0,1029.0
2021-12-05T08:00,1200535,2.5,11.1,11.6,9.0,0.0,0.7,66.0,1029.4
2021-12-05T09:00,1200535,6.5,11.3,296.7,1.0,0.0,1.8,68.0,1029.7
2021-12-05T10:00,1200535,8.6,13.4,853.1,1.0,0.0,2.4,61.0,1030.0
2021-12-05T11:00,1200535,15.5,15.2,865.7,9.0,0.0,4.3,54.0,1030.2
2021-12-05T12:00,1200535,13.3,14.6,745.3,9.0,0.0,3.7,61.0,1030.2
2021-12-05T13:00,1200535,16.2,14.9,660.9,9.0,0.0,4.5,58.0,1029.6
2021-12-05T14:00,1200535,14.4,15.5,948.8,9.0,0.0,4.0,51.0,1029.1
2021-12-05T15:00,1200535,17.3,15.1,556.3,9.0,0.0,4.8,53.0,1028.7
2021-12-05T16:00,1200535,15.8,15.1,293.9,8.0,0.0,4.4,56.0,1028.7
2021-12-05T17:00,1200535,15.1,14.1,164.5,1.0,0.0,4.2,67.0,1029.0
2021-12-05T18:00,1200535,10.8,13.3,10.0,1.0,0.0,3.0,72.0,1029.4
2021-12-05T19:00,1200535,7.6,12.7,0.0,8.0,0.0,2.1,75.0,1029.8
2021-12-05T20:00,1200535,2.9,11.9,0.0,5.0,0.0,0.8,78.0,1029.9
2021-12-05T21:00,1200535,4.7,11.3,0.0,1.0,0.0,1.3,79.0,1030.3
2021-12-05T22:00,1200535,5.4,12.1,0.0,9.0,0.0,1.5,78.0,1030.2
2021-12-05T23:00,1200535,7.6,12.0,0.0,9.0,0.0,2.1,78.0,1030.2
2021-12-06T00:00,1200535,5.8,11.7,0.0,3.0,0.0,1.6,78.0,1030.3
2021-12-06T01:00,1200535,5.8,11.2,0.0,9.0,0.0,1.6,80.0,1030.2
2021-12-06T02:00,1200535,1.4,10.9,0.0,8.0,0.0,0.4,78.0,1029.7
2021-12-06T03:00,1200535,5.4,10.6,0.0,1.0,0.0,1.5,77.0,1029.6
2021-12-06T04:00,1200535,4.0,11.1,0.0,5.0,0.0,1.1,77.0,1029.7
2021-12-06T05:00,1200535,3.6,10.8,0.0,8.0,0.0,1.0,80.0,1029.7
2021-12-06T06:00,1200535,3.6,11.0,0.0,5.0,0.0,1.0,80.0,1029.7
2021-12-06T07:00,1200535,2.9,11.3,0.0,7.0,0.0,0.8,80.0,1029.8
2021-12-06T08:00,1200535,3.2,11.2,10.1,6.0,0.0,0.9,81.0,1030.1
2021-12-06T09:00,1200535,3.6,11.1,288.7,6.0,0.0,1.0,84.0,1030.4
2021-12-06T10:00,1200535,2.9,12.8,548.0,7.0,0.0,0.8,78.0,1030.8
2021-12-06T11:00,1200535,7.9,14.9,963.0,8.0,0.0,2.2,68.0,1030.8
2021-12-06T12:00,1200535,10.1,16.6,1293.7,8.0,0.0,2.8,62.0,1030.5
2021-12-06T13:00,1200535,8.3,16.9,1343.5,8.0,0.0,2.3,58.0,1029.6
2021-12-06T14:00,1200535,5.8,17.2,857.8,0.0,0.0,1.6,59.0,1028.9
2021-12-06T15:00,1200535,11.5,16.7,487.1,8.0,0.0,3.2,64.0,1028.5
2021-12-06T16:00,1200535,5.8,16.2,522.6,8.0,0.0,1.6,69.0,1028.1
2021-12-06T17:00,1200535,10.1,15.3,300.9,8.0,0.0,2.8,75.0,1028.1
2021-12-06T18:00,1200535,9.4,14.4,6.5,8.0,0.0,2.6,81.0,1028.3
2021-12-06T19:00,1200535,7.2,13.9,0.0,7.0,0.0,2.0,86.0,1028.2
2021-12-06T20:00,1200535,11.2,13.4,0.0,6.0,0.0,3.1,91.0,1028.1
2021-12-06T21:00,1200535,10.1,13.7,0.0,7.0,0.0,2.8,93.0,1027.9
2021-12-06T22:00,1200535,4.0,13.7,0.0,6.0,0.0,1.1,95.0,1027.6
2021-12-06T23:00,1200535,4.7,13.4,0.0,6.0,0.0,1.3,97.0,1027.4
2021-12-07T00:00,1200535,4.7,13.5,0.0,6.0,0.0,1.3,100.0,1027.1
2021-12-07T01:00,1200535,5.8,13.3,0.0,7.0,0.0,1.6,100.0,1026.7
2021-12-07T02:00,1200535,8.6,13.2,0.0,6.0,0.0,2.4,100.0,1026.1
2021-12-07T03:00,1200535,8.3,13.4,0.0,6.0,0.0,2.3,100.0,1025.9
2021-12-07T04:00,1200535,8.3,13.8,0.0,6.0,0.0,2.3,100.0,1025.5
2021-12-07T05:00,1200535,9.4,13.8,0.0,6.0,0.0,2.6,100.0,1025.1
2021-12-07T06:00,1200535,10.4,13.7,0.0,7.0,0.0,2.9,100.0,1024.8
2021-12-07T07:00,1200535,10.4,13.6,0.0,7.0,0.0,2.9,98.0,1024.6
2021-12-07T08:00,1200535,10.1,13.8,7.1,7.0,0.0,2.8,92.0,1024.5
2021-12-07T09:00,1200535,10.8,14.1,152.8,6.0,0.0,3.0,89.0,1024.5
2021-12-07T10:00,1200535,10.8,14.3,254.0,6.0,0.0,3.0,94.0,1024.5
2021-12-07T11:00,1200535,11.5,15.0,409.0,6.0,0.0,3.2,92.0,1024.4
2021-12-07T12:00,1200535,18.7,15.4,382.8,6.0,0.5,5.2,91.0,1023.9
2021-12-07T13:00,1200535,21.2,15.2,689.8,6.0,0.3,5.9,97.0,1023.2
2021-12-07T14:00,1200535,21.6,16.4,1312.9,6.0,0.0,6.0,87.0,1022.2
2021-12-07T15:00,1200535,19.4,16.6,1222.2,6.0,0.0,5.4,82.0,1021.2
2021-12-07T16:00,1200535,20.5,16.0,542.9,6.0,0.0,5.7,85.0,1020.4
2021-12-07T17:00,1200535,23.8,15.4,57.4,6.0,0.0,6.6,91.0,1020.2
2021-12-07T18:00,1200535,21.6,15.0,2.8,6.0,1.1,6.0,96.0,1019.7
2021-12-07T19:00,1200535,19.1,14.8,0.0,6.0,0.0,5.3,99.0,1019.3
2021-12-07T20:00,1200535,25.2,14.9,0.0,6.0,1.5,7.0,100.0,1019.1
2021-12-07T21:00,1200535,12.6,14.7,0.0,8.0,1.7,3.5,100.0,1019.4
2021-12-07T22:00,1200535,9.0,13.6,0.0,8.0,0.0,2.5,100.0,1019.8
2021-12-07T23:00,1200535,10.4,13.2,0.0,8.0,0.0,2.9,99.0,1020.0
2021-12-08T00:00,1200535,13.3,12.9,0.0,8.0,0.1,3.7,94.0,1020.3
2021-12-08T01:00,1200535,8.3,12.3,0.0,7.0,0.0,2.3,88.0,1020.2
2021-12-08T02:00,1200535,14.4,12.1,0.0,7.0,0.0,4.0,84.0,1020.1
2021-12-08T03:00,1200535,13.0,12.1,0.0,7.0,0.0,3.6,80.0,1020.4
2021-12-08T04:00,1200535,9.0,12.4,0.0,7.0,0.3,2.5,78.0,1020.4
2021-12-08T05:00,1200535,13.0,11.8,0.0,8.0,0.2,3.6,89.0,1020.7
2021-12-08T06:00,1200535,5.4,11.6,0.0,7.0,0.2,1.5,89.0,1020.9
2021-12-08T07:00,1200535,11.5,11.6,0.0,8.0,0.0,3.2,89.0,1021.6
2021-12-08T08:00,1200535,9.7,11.4,8.7,8.0,0.0,2.7,83.0,1022.0
2021-12-08T09:00,1200535,9.4,11.7,241.8,8.0,0.0,2.6,80.0,1022.6
2021-12-08T10:00,1200535,11.9,12.4,395.8,8.0,0.3,3.3,79.0,1023.3
2021-12-08T11:00,1200535,18.4,14.5,1258.4,8.0,0.0,5.1,70.0,1023.7
2021-12-08T12:00,1200535,19.1,15.3,1257.1,8.0,0.0,5.3,60.0,1023.9
2021-12-08T13:00,1200535,24.1,15.9,1344.0,8.0,0.0,6.7,57.0,1023.6
2021-12-08T14:00,1200535,15.5,15.3,1098.5,8.0,0.0,4.3,60.0,1023.5
2021-12-08T15:00,1200535,27.0,14.8,850.3,8.0,0.0,7.5,63.0,1023.4
2021-12-08T16:00,1200535,19.8,14.2,469.2,8.0,0.0,5.5,67.0,1023.7
2021-12-08T17:00,1200535,16.9,13.5,213.2,8.0,0.3,4.7,67.0,1024.3
2021-12-08T18:00,1200535,14.0,12.2,8.1,8.0,0.0,3.9,80.0,1024.7
2021-12-08T19:00,1200535,9.7,12.0,0.0,8.0,0.0,2.7,83.0,1025.2
2021-12-08T20:00,1200535,10.8,12.0,0.0,8.0,0.0,3.0,81.0,1025.8
2021-12-08T21:00,1200535,12.6,11.9,0.0,9.0,0.0,3.5,81.0,1026.4
2021-12-08T22:00,1200535,9.4,11.9,0.0,9.0,0.0,2.6,80.0,1026.9
2021-12-08T23:00,1200535,12.2,11.6,0.0,8.0,0.0,3.4,80.0,1027.2
2021-12-09T00:00,1200535,7.9,11.8,0.0,8.0,0.0,2.2,78.0,1027.5
2021-12-09T01:00,1200535,6.8,11.7,0.0,8.0,0.0,1.9,80.0,1027.7
2021-12-09T02:00,1200535,3.2,11.2,0.0,8.0,0.0,0.9,84.0,1027.6
2021-12-09T03:00,1200535,5.0,10.9,0.0,8.0,0.0,1.4,86.0,1027.9
2021-12-09T04:00,1200535,10.4,11.1,0.0,8.0,0.0,2.9,87.0,1028.1
2021-12-09T05:00,1200535,6.8,11.4,0.0,7.0,0.0,1.9,86.0,1028.3
2021-12-09T06:00,1200535,6.8,11.2,0.0,7.0,0.0,1.9,89.0,1028.4
2021-12-09T07:00,1200535,4.7,11.0,0.0,7.0,0.0,1.3,92.0,1028.7
2021-12-09T08:00,1200535,6.5,11.2,9.1,7.0,0.0,1.8,96.0,1029.2
2021-12-09T09:00,1200535,7.6,12.0,199.1,7.0,0.0,2.1,95.0,1029.5
2021-12-09T10:00,1200535,11.5,13.7,583.7,8.0,0.1,3.2,88.0,1029.8
2021-12-09T11:00,1200535,16.6,15.5,881.3,8.0,0.0,4.6,77.0,1029.8
2021-12-09T12:00,1200535,14.4,15.8,887.1,8.0,0.0,4.0,73.0,1029.7
2021-12-09T13:00,1200535,13.0,16.3,1277.2,8.0,0.0,3.6,68.0,1029.0
2021-12-09T14:00,1200535,19.8,16.0,361.0,8.0,0.0,5.5,68.0,1028.5
2021-12-09T15:00,1200535,14.8,15.2,266.9,9.0,0.0,4.1,74.0,1028.3
2021-12-09T16:00,1200535,13.0,15.2,266.4,8.0,0.0,3.6,71.0,1028.4
2021-12-09T17:00,1200535,9.7,15.2,113.5,8.0,0.0,2.7,71.0,1028.5
2021-12-09T18:00,1200535,10.1,14.8,2.5,8.0,0.0,2.8,74.0,1028.5
2021-12-09T19:00,1200535,10.8,14.5,0.0,8.0,0.0,3.0,76.0,1028.5
2021-12-09T20:00,1200535,5.4,13.9,0.0,6.0,0.0,1.5,80.0,1028.7
2021-12-09T21:00,1200535,7.6,13.8,0.0,7.0,0.0,2.1,84.0,1028.7
2021-12-09T22:00,1200535,7.9,13.2,0.0,8.0,0.0,2.2,84.0,1028.7
2021-12-09T23:00,1200535,7.6,13.2,0.0,8.0,0.0,2.1,88.0,1028.7
2021-12-10T00:00,1200535,8.6,12.9,0.0,8.0,0.0,2.4,90.0,1028.6
2021-12-10T01:00,1200535,7.2,12.8,0.0,7.0,0.0,2.0,89.0,1028.1
2021-12-10T02:00,1200535,8.6,12.5,0.0,7.0,0.0,2.4,91.0,1027.6
2021-12-10T03:00,1200535,11.2,12.9,0.0,8.0,0.0,3.1,92.0,1027.6
2021-12-10T04:00,1200535,7.9,13.3,0.0,8.0,0.0,2.2,89.0,1027.3
2021-12-10T05:00,1200535,6.1,13.3,0.0,7.0,0.0,1.7,88.0,1027.0
2021-12-10T06:00,1200535,8.6,13.2,0.0,8.0,0.0,2.4,91.0,1026.7
2021-12-10T07:00,1200535,7.9,13.3,0.0,8.0,0.0,2.2,92.0,1026.8
2021-12-10T08:00,1200535,14.8,13.5,5.1,8.0,0.1,4.1,93.0,1027.3
2021-12-10T09:00,1200535,10.4,13.8,104.5,8.0,0.0,2.9,92.0,1027.6
2021-12-10T10:00,1200535,9.7,14.2,361.9,8.0,0.1,2.7,91.0,1028.0
2021-12-10T11:00,1200535,9.4,15.1,527.6,8.0,0.0,2.6,87.0,1028.6
2021-12-10T12:00,1200535,6.8,15.6,459.4,9.0,0.0,1.9,83.0,1028.4
2021-12-10T13:00,1200535,12.6,15.7,389.5,8.0,0.0,3.5,83.0,1027.8
2021-12-10T14:00,1200535,16.2,16.0,517.2,8.0,0.0,4.5,82.0,1027.0
2021-12-10T15:00,1200535,14.0,16.1,412.2,8.0,0.0,3.9,83.0,1026.4
2021-12-10T16:00,1200535,12.6,16.0,204.0,8.0,0.0,3.5,84.0,1026.2
2021-12-10T17:00,1200535,12.6,15.6,125.7,8.0,0.0,3.5,89.0,1026.3
2021-12-10T18:00,1200535,9.7,15.5,4.1,9.0,0.0,2.7,88.0,1026.5
2021-12-10T19:00,1200535,10.1,15.4,0.0,9.0,0.0,2.8,87.0,1027.0
2021-12-10T20:00,1200535,15.1,15.5,0.0,9.0,0.0,4.2,85.0,1027.3
2021-12-10T21:00,1200535,9.7,15.2,0.0,2.0,0.0,2.7,86.0,1027.6
2021-12-10T22:00,1200535,13.7,14.9,0.0,1.0,0.0,3.8,85.0,1027.4
2021-12-10T23:00,1200535,10.8,14.7,0.0,9.0,0.0,3.0,83.0,1027.2
2021-12-11T00:00,1200535,4.0,14.2,0.0,8.0,0.0,1.1,84.0,1027.3
2021-12-11T01:00,1200535,11.5,13.8,0.0,9.0,0.0,3.2,84.0,1027.0
2021-12-11T02:00,1200535,13.3,13.8,0.0,9.0,0.0,3.7,83.0,1026.5
2021-12-11T03:00,1200535,15.8,14.2,0.0,0.0,0.0,4.4,84.0,1026.3
2021-12-11T04:00,1200535,14.4,14.3,0.0,1.0,0.0,4.0,85.0,1026.0
2021-12-11T05:00,1200535,10.4,14.0,0.0,1.0,0.0,2.9,85.0,1025.8
2021-12-11T06:00,1200535,15.1,13.6,0.0,9.0,0.0,4.2,82.0,1025.7
2021-12-11T07:00,1200535,18.0,13.2,0.0,9.0,0.0,5.0,83.0,1026.1
2021-12-11T08:00,1200535,8.6,13.3,7.7,1.0,0.0,2.4,81.0,1026.3
2021-12-11T09:00,1200535,11.5,13.1,258.8,1.0,0.0,3.2,83.0,1027.1
2021-12-11T10:00,1200535,5.8,14.3,752.5,1.0,0.0,1.6,78.0,1027.6
2021-12-11T11:00,1200535,5.4,16.1,1270.6,3.0,0.0,1.5,71.0,1027.7
2021-12-11T12:00,1200535,16.9,17.4,1526.2,1.0,0.0,4.7,68.0,1027.1
2021-12-11T13:00,1200535,13.3,18.1,1579.7,2.0,0.0,3.7,66.0,1026.4
2021-12-11T14:00,1200535,11.9,18.4,1532.2,9.0,0.0,3.3,65.0,1025.7
2021-12-11T15:00,1200535,12.2,18.2,1278.2,1.0,0.0,3.4,66.0,1025.0
2021-12-11T16:00,1200535,13.3,17.5,795.2,0.0,0.0,3.7,70.0,1024.8
2021-12-11T17:00,1200535,16.9,16.8,307.7,1.0,0.0,4.7,72.0,1024.7
2021-12-11T18:00,1200535,16.9,15.4,10.4,0.0,0.0,4.7,77.0,1024.9
2021-12-11T19:00,1200535,14.4,14.6,0.0,1.0,0.0,4.0,78.0,1024.8
2021-12-11T20:00,1200535,13.7,14.3,0.0,0.0,0.0,3.8,76.0,1025.0
2021-12-11T21:00,1200535,14.8,13.6,0.0,1.0,0.0,4.1,76.0,1025.2
2021-12-11T22:00,1200535,10.8,13.4,0.0,1.0,0.0,3.0,76.0,1024.9
2021-12-11T23:00,1200535,6.8,12.9,0.0,3.0,0.0,1.9,76.0,1025.2
2021-12-12T00:00,1200535,7.6,12.2,0.0,2.0,0.0,2.1,87.0,1025.4
2021-12-12T01:00,1200535,8.6,11.8,0.0,2.0,0.0,2.4,92.0,1025.0
2021-12-12T02:00,1200535,10.8,11.5,0.0,2.0,0.0,3.0,91.0,1024.4
2021-12-12T03:00,1200535,13.0,11.6,0.0,2.0,0.0,3.6,88.0,1024.2
2021-12-12T04:00,1200535,11.2,11.6,0.0,2.0,0.0,3.1,90.0,1024.2
2021-12-12T05:00,1200535,11.5,11.4,0.0,2.0,0.0,3.2,91.0,1023.9
2021-12-12T06:00,1200535,14.4,11.2,0.0,2.0,0.0,4.0,92.0,1023.8
2021-12-12T07:00,1200535,14.4,11.2,0.0,2.0,0.0,4.0,91.0,1023.9
2021-12-12T08:00,1200535,13.0,10.7,7.5,2.0,0.0,3.6,92.0,1024.3
2021-12-12T09:00,1200535,14.4,10.3,202.3,2.0,0.0,4.0,96.0,1024.8
2021-12-12T10:00,1200535,12.2,11.3,748.1,2.0,0.0,3.4,87.0,1025.3
2021-12-12T11:00,1200535,15.5,12.6,1267.4,2.0,0.0,4.3,78.0,1025.4
2021-12-12T12:00,1200535,9.4,14.1,1584.7,2.0,0.0,2.6,73.0,1024.8
2021-12-12T13:00,1200535,13.3,15.6,1646.9,2.0,0.0,3.7,69.0,1023.8
2021-12-12T14:00,1200535,10.4,16.8,1559.3,2.0,0.0,2.9,64.0,1023.2
2021-12-12T15:00,1200535,11.2,17.2,1303.0,2.0,0.0,3.1,63.0,1022.6
2021-12-12T16:00,1200535,9.4,17.2,816.7,2.0,0.0,2.6,66.0,1022.4
2021-12-12T17:00,1200535,10.1,17.4,308.1,2.0,0.0,2.8,68.0,1022.2
2021-12-12T18:00,1200535,10.1,17.2,14.6,1.0,0.0,2.8,70.0,1022.0
2021-12-12T19:00,1200535,10.4,16.8,0.0,1.0,0.0,2.9,71.0,1022.3
2021-12-12T20:00,1200535,13.7,17.1,0.0,2.0,0.0,3.8,67.0,1022.6
2021-12-12T21:00,1200535,10.4,17.1,0.0,2.0,0.0,2.9,66.0,1022.9
2021-12-12T22:00,1200535,6.1,16.2,0.0,2.0,0.0,1.7,69.0,1023.1
2021-12-12T23:00,1200535,10.1,15.5,0.0,2.0,0.0,2.8,71.0,1023.1
2021-12-13T00:00,1200535,7.6,14.9,0.0,2.0,0.0,2.1,72.0,1023.0
2021-12-13T01:00,1200535,10.1,13.8,0.0,2.0,0.0,2.8,77.0,1022.4
2021-12-13T02:00,1200535,9.7,13.1,0.0,2.0,0.0,2.7,81.0,1021.9
2021-12-13T03:00,1200535,10.4,12.5,0.0,1.0,0.0,2.9,83.0,1021.9
2021-12-13T04:00,1200535,11.9,12.0,0.0,2.0,0.0,3.3,86.0,1021.7
2021-12-13T05:00,1200535,9.7,11.6,0.0,1.0,0.0,2.7,87.0,1021.6
2021-12-13T06:00,1200535,10.1,11.1,0.0,2.0,0.0,2.8,87.0,1021.5
2021-12-13T07:00,1200535,11.5,10.9,0.0,2.0,0.0,3.2,88.0,1021.7
2021-12-13T08:00,1200535,12.6,10.6,7.7,2.0,0.0,3.5,87.0,1022.1
2021-12-13T09:00,1200535,7.6,10.8,256.1,2.0,0.0,2.1,86.0,1022.4
2021-12-13T10:00,1200535,6.8,11.6,748.9,2.0,0.0,1.9,80.0,1022.7
2021-12-13T11:00,1200535,7.9,13.0,1247.2,3.0,0.0,2.2,72.0,1022.7
2021-12-13T12:00,1200535,7.6,14.4,1363.5,3.0,0.0,2.1,65.0,1022.4
2021-12-13T13:00,1200535,7.6,15.1,947.9,3.0,0.0,2.1,65.0,1021.7
2021-12-13T14:00,1200535,8.3,15.4,569.3,3.0,0.0,2.3,64.0,1021.0
2021-12-13T15:00,1200535,5.0,15.6,358.9,3.0,0.0,1.4,66.0,1020.7
2021-12-13T16:00,1200535,5.8,15.7,123.8,3.0,0.0,1.6,68.0,1020.5
2021-12-13T17:00,1200535,6.8,15.7,19.5,2.0,0.0,1.9,68.0,1020.5
2021-12-13T18:00,1200535,6.1,15.7,0.6,3.0,0.0,1.7,69.0,1020.7
2021-12-13T19:00,1200535,6.5,15.5,0.0,3.0,0.0,1.8,71.0,1021.1
2021-12-13T20:00,1200535,5.8,15.5,0.0,3.0,0.0,1.6,72.0,1021.5
2021-12-13T21:00,1200535,5.8,15.4,0.0,3.0,0.0,1.6,73.0,1021.6
2021-12-13T22:00,1200535,7.6,15.3,0.0,3.0,0.0,2.1,75.0,1021.7
2021-12-13T23:00,1200535,5.8,14.8,0.0,3.0,0.0,1.6,76.0,1021.9
2021-12-14T00:00,1200535,8.3,13.9,0.0,3.0,0.0,2.3,80.0,1022.1
2021-12-14T01:00,1200535,6.5,13.2,0.0,3.0,0.0,1.8,83.0,1022.0
2021-12-14T02:00,1200535,7.2,12.5,0.0,2.0,0.0,2.0,87.0,1021.9
2021-12-14T03:00,1200535,5.4,11.9,0.0,3.0,0.0,1.5,90.0,1022.1
2021-12-14T04:00,1200535,6.1,11.5,0.0,2.0,0.0,1.7,93.0,1022.3
2021-12-14T05:00,1200535,10.4,11.7,0.0,2.0,0.0,2.9,94.0,1022.2
2021-12-14T06:00,1200535,11.2,11.3,0.0,3.0,0.0,3.1,94.0,1022.3
2021-12-14T07:00,1200535,11.5,10.9,0.0,2.0,0.0,3.2,93.0,1022.7
2021-12-14T08:00,1200535,10.1,10.3,5.7,2.0,0.0,2.8,90.0,1023.1
2021-12-14T09:00,1200535,10.1,10.1,245.6,2.0,0.0,2.8,87.0,1023.3
2021-12-14T10:00,1200535,13.0,10.5,732.7,2.0,0.0,3.6,82.0,1023.7
2021-12-14T11:00,1200535,11.5,11.4,1207.9,2.0,0.0,3.2,78.0,1024.1
2021-12-14T12:00,1200535,7.9,12.6,1554.4,2.0,0.0,2.2,74.0,1023.6
2021-12-14T13:00,1200535,10.1,14.2,1426.0,2.0,0.0,2.8,68.0,1023.0
2021-12-14T14:00,1200535,14.4,15.7,1385.3,2.0,0.0,4.0,62.0,1022.4
2021-12-14T15:00,1200535,11.2,16.5,1261.3,2.0,0.0,3.1,60.0,1021.9
2021-12-14T16:00,1200535,8.6,16.7,699.1,3.0,0.0,2.4,62.0,1021.7
2021-12-14T17:00,1200535,7.9,16.3,191.4,3.0,0.0,2.2,63.0,1021.8
2021-12-14T17:00,1200535,7.9,16.3,121.93626321467148,3.0,-10.43880043149915,2.2,63.0,1021.8
2021-12-14T18:00,1200535,8.6,15.7,2.9,3.0,0.0,2.4,65.0,1022.0
2021-12-14T19:00,1200535,9.7,15.6,0.0,2.0,0.0,2.7,62.0,1022.2
2021-12-14T20:00,1200535,12.6,15.2,0.0,2.0,0.0,3.5,62.0,1022.4
2021-12-14T21:00,1200535,12.6,14.5,0.0,2.0,0.0,3.5,65.0,1022.5
2021-12-14T22:00,1200535,15.8,14.2,0.0,2.0,0.0,4.4,65.0,1022.5
2021-12-14T23:00,1200535,11.9,13.5,0.0,2.0,0.0,3.3,67.0,1022.6
2021-12-15T00:00,1200535,14.0,13.2,0.0,2.0,0.0,3.9,67.0,1022.6
2021-12-15T01:00,1200535,15.1,12.9,0.0,2.0,0.0,4.2,67.0,1022.3
2021-12-15T02:00,1200535,15.5,12.7,0.0,2.0,0.0,4.3,66.0,1021.9
2021-12-15T03:00,1200535,17.6,12.3,0.0,2.0,0.0,4.9,65.0,1021.7
2021-12-15T04:00,1200535,15.1,11.9,0.0,2.0,0.0,4.2,65.0,1021.7
2021-12-15T05:00,1200535,15.1,11.4,0.0,2.0,0.0,4.2,66.0,1021.7
2021-12-15T06:00,1200535,14.4,10.9,0.0,2.0,0.0,4.0,67.0,1021.8
2021-12-15T07:00,1200535,14.4,10.3,0.0,2.0,0.0,4.0,68.0,1022.1
2021-12-15T08:00,1200535,19.4,9.7,6.4,2.0,0.0,5.4,71.0,1022.4
2021-12-15T09:00,1200535,16.2,9.4,300.2,2.0,0.0,4.5,71.0,1022.9
2021-12-15T10:00,1200535,14.8,9.7,778.5,2.0,0.0,4.1,69.0,1023.3
2021-12-15T11:00,1200535,12.2,10.7,1228.0,2.0,0.0,3.4,67.0,1023.5
2021-12-15T12:00,1200535,10.8,12.2,1444.4,2.0,0.0,3.0,64.0,1023.4
2021-12-15T13:00,1200535,6.5,13.7,1537.0,2.0,0.0,1.8,62.0,1022.7
2021-12-15T14:00,1200535,5.4,15.2,1583.0,2.0,0.0,1.5,58.0,1021.7
2021-12-15T15:00,1200535,7.9,16.1,1328.5,2.0,0.0,2.2,55.0,1021.3
2021-12-15T16:00,1200535,10.1,15.7,843.1,2.0,0.0,2.8,56.0,1021.3
2021-12-15T17:00,1200535,10.8,15.9,315.5,2.0,0.0,3.0,55.0,1021.2
2021-12-15T18:00,1200535,11.5,15.8,11.4,2.0,0.0,3.2,55.0,1021.5
2021-12-15T19:00,1200535,11.5,15.3,0.0,2.0,0.0,3.2,55.0,1021.8
2021-12-15T20:00,1200535,11.2,14.9,0.0,2.0,0.0,3.1,56.0,1022.2
2021-12-15T21:00,1200535,8.3,14.2,0.0,2.0,0.0,2.3,57.0,1022.4
2021-12-15T22:00,1200535,10.4,13.5,0.0,2.0,0.0,2.9,60.0,1022.6
2021-12-15T23:00,1200535,12.6,12.7,0.0,2.0,0.0,3.5,63.0,1022.6
2021-12-16T00:00,1200535,11.9,12.0,0.0,2.0,0.0,3.3,68.0,1022.5
2021-12-16T01:00,1200535,10.4,11.8,0.0,2.0,0.0,2.9,67.0,1022.6
2021-12-16T02:00,1200535,11.5,11.4,0.0,2.0,0.0,3.2,66.0,1022.3
2021-12-16T03:00,1200535,11.2,10.8,0.0,2.0,0.0,3.1,69.0,1022.4
2021-12-16T04:00,1200535,10.8,10.2,0.0,2.0,0.0,3.0,70.0,1022.6
2021-12-16T05:00,1200535,10.8,9.6,0.0,2.0,0.0,3.0,71.0,1022.5
2021-12-16T06:00,1200535,12.6,9.3,0.0,1.0,0.0,3.5,70.0,1022.3
2021-12-16T07:00,1200535,14.0,9.0,0.0,2.0,0.0,3.9,71.0,1022.6
2021-12-16T08:00,1200535,14.0,9.0,8.5,2.0,0.0,3.9,68.0,1023.0
2021-12-16T09:00,1200535,15.5,9.4,291.7,2.0,0.0,4.3,65.0,1023.2
2021-12-16T10:00,1200535,10.1,10.2,745.2,2.0,0.0,2.8,64.0,1023.6
2021-12-16T11:00,1200535,10.4,11.4,1250.6,2.0,0.0,2.9,59.0,1023.9
2021-12-16T12:00,1200535,7.6,12.8,1587.3,2.0,0.0,2.1,56.0,1023.5
2021-12-16T13:00,1200535,8.3,14.0,1652.6,2.0,0.0,2.3,55.0,1022.7
2021-12-16T14:00,1200535,7.2,15.0,1552.9,2.0,0.0,2.0,54.0,1021.9
2021-12-16T15:00,1200535,8.6,15.9,1280.8,2.0,0.0,2.4,53.0,1021.4
2021-12-16T16:00,1200535,6.8,15.6,817.6,3.0,0.0,1.9,54.0,1021.2
2021-12-16T17:00,1200535,7.6,14.7,316.2,4.0,0.0,2.1,59.0,1021.4
2021-12-16T18:00,1200535,5.0,14.9,14.7,3.0,0.0,1.4,57.0,1021.7
2021-12-16T19:00,1200535,9.0,14.9,0.0,2.0,0.0,2.5,56.0,1022.0
2021-12-16T20:00,1200535,9.0,13.9,0.0,2.0,0.0,2.5,58.0,1022.5
2021-12-16T21:00,1200535,15.1,13.5,0.0,2.0,0.0,4.2,58.0,1022.6
2021-12-16T22:00,1200535,13.7,13.3,0.0,2.0,0.0,3.8,55.0,1022.6
2021-12-16T23:00,1200535,12.6,12.7,0.0,2.0,0.0,3.5,57.0,1022.7
2021-12-17T00:00,1200535,9.7,12.4,0.0,2.0,0.0,2.7,59.0,1022.8
2021-12-17T01:00,1200535,11.2,11.8,0.0,2.0,0.0,3.1,62.0,1022.8
2021-12-17T02:00,1200535,11.5,11.3,0.0,2.0,0.0,3.2,64.0,1022.7
2021-12-17T03:00,1200535,16.9,11.0,0.0,2.0,0.0,4.7,64.0,1022.8
2021-12-17T04:00,1200535,14.4,10.6,0.0,2.0,0.0,4.0,65.0,1022.9
2021-12-17T05:00,1200535,14.0,10.2,0.0,2.0,0.0,3.9,68.0,1022.8
2021-12-17T06:00,1200535,14.4,9.8,0.0,2.0,0.0,4.0,70.0,1023.0
2021-12-17T07:00,1200535,14.0,9.4,0.0,2.0,0.0,3.9,71.0,1023.3
2021-12-17T07:00,1200535,14.0,9.4,121.93626321467148,2.0,0.0,3.9,71.0,1023.3
2021-12-17T08:00,1200535,18.4,9.2,3.3,2.0,0.0,5.1,72.0,1023.5
2021-12-17T09:00,1200535,18.0,9.3,115.4,2.0,0.0,5.0,71.0,1023.9
2021-12-17T10:00,1200535,11.2,9.9,648.9,2.0,0.0,3.1,69.0,1024.2
2021-12-17T11:00,1200535,11.2,11.0,1181.0,2.0,0.0,3.1,65.0,1024.6
2021-12-17T12:00,1200535,13.3,12.1,1392.1,2.0,0.0,3.7,62.0,1024.2
2021-12-17T13:00,1200535,8.6,13.5,1570.6,2.0,0.0,2.4,58.0,1023.6
2021-12-17T14:00,1200535,9.7,14.6,1347.8,2.0,0.0,2.7,56.0,1023.0
2021-12-17T15:00,1200535,10.1,15.6,1076.3,3.0,0.0,2.8,54.0,1022.6
2021-12-17T16:00,1200535,10.1,15.3,386.4,2.0,0.0,2.8,57.0,1022.4
2021-12-17T17:00,1200535,9.7,15.1,138.1,2.0,0.0,2.7,55.0,1022.4
2021-12-17T18:00,1200535,8.3,14.7,3.8,2.0,0.0,2.3,57.0,1022.6
2021-12-17T19:00,1200535,11.2,14.6,0.0,2.0,0.0,3.1,59.0,1023.0
2021-12-17T20:00,1200535,10.4,14.5,0.0,2.0,0.0,2.9,58.0,1023.3
2021-12-17T21:00,1200535,8.6,13.9,0.0,2.0,0.0,2.4,60.0,1023.5
2021-12-17T22:00,1200535,10.1,13.1,0.0,3.0,0.0,2.8,63.0,1023.5
2021-12-17T23:00,1200535,8.3,12.6,0.0,3.0,0.0,2.3,65.0,1023.6
2021-12-18T00:00,1200535,9.0,12.3,0.0,3.0,0.0,2.5,65.0,1023.7
2021-12-18T01:00,1200535,7.6,11.7,0.0,2.0,0.0,2.1,69.0,1023.5
2021-12-18T02:00,1200535,13.7,11.1,0.0,2.0,0.0,3.8,72.0,1022.9
2021-12-18T03:00,1200535,12.2,10.6,0.0,2.0,0.0,3.4,74.0,1023.0
2021-12-18T04:00,1200535,10.1,10.6,0.0,2.0,0.0,2.8,75.0,1023.5
2021-12-18T05:00,1200535,8.6,10.5,0.0,2.0,0.0,2.4,78.0,1023.5
2021-12-18T06:00,1200535,10.4,9.9,0.0,2.0,0.0,2.9,79.0,1023.5
2021-12-18T07:00,1200535,18.4,9.5,0.0,2.0,0.0,5.1,81.0,1023.7
2021-12-18T08:00,1200535,11.2,9.0,3.6,2.0,0.0,3.1,82.0,1024.0
2021-12-18T09:00,1200535,12.6,9.2,118.3,2.0,0.0,3.5,82.0,1024.6
2021-12-18T10:00,1200535,11.2,9.7,421.8,2.0,0.0,3.1,79.0,1025.1
2021-12-18T11:00,1200535,9.7,11.2,1178.0,2.0,0.0,2.7,71.0,1025.3
2021-12-18T12:00,1200535,9.0,12.2,1501.1,2.0,0.0,2.5,67.0,1024.7
2021-12-18T13:00,1200535,10.8,13.9,1570.1,2.0,0.0,3.0,62.0,1023.8
2021-12-18T14:00,1200535,12.2,15.4,1491.0,2.0,0.0,3.4,58.0,1023.1
2021-12-18T15:00,1200535,9.0,16.5,1318.7,3.0,0.0,2.5,55.0,1022.6
2021-12-18T16:00,1200535,9.7,16.1,837.4,3.0,0.0,2.7,56.0,1022.5
2021-12-18T17:00,1200535,8.3,15.7,346.7,3.0,0.0,2.3,57.0,1022.8
2021-12-18T18:00,1200535,10.4,14.9,11.3,3.0,0.0,2.9,60.0,1022.9
2021-12-18T19:00,1200535,11.9,14.7,0.0,3.0,0.0,3.3,60.0,1023.1
2021-12-18T20:00,1200535,14.4,13.9,0.0,2.0,0.0,4.0,63.0,1023.3
2021-12-18T21:00,1200535,14.8,13.4,0.0,2.0,0.0,4.1,65.0,1023.4
2021-12-18T22:00,1200535,13.0,12.6,0.0,2.0,0.0,3.6,65.0,1023.3
2021-12-18T23:00,1200535,12.6,11.8,0.0,2.0,0.0,3.5,68.0,1023.2
2021-12-19T00:00,1200535,13.3,11.3,0.0,2.0,0.0,3.7,71.0,1022.9
2021-12-19T01:00,1200535,15.8,11.0,0.0,2.0,0.0,4.4,71.0,1022.4
2021-12-19T02:00,1200535,15.5,10.6,0.0,2.0,0.0,4.3,73.0,1022.1
2021-12-19T03:00,1200535,12.6,10.4,0.0,2.0,0.0,3.5,75.0,1022.0
2021-12-19T04:00,1200535,11.9,10.1,0.0,2.0,0.0,3.3,74.0,1021.9
2021-12-19T05:00,1200535,12.2,9.9,0.0,2.0,0.0,3.4,74.0,1021.6
2021-12-19T06:00,1200535,13.3,9.6,0.0,2.0,0.0,3.7,75.0,1021.1
2021-12-19T07:00,1200535,13.3,9.3,0.0,2.0,0.0,3.7,75.0,1020.7
2021-12-19T08:00,1200535,13.0,9.4,4.5,2.0,0.0,3.6,74.0,1020.7
2021-12-19T09:00,1200535,14.0,9.5,200.9,2.0,0.0,3.9,75.0,1020.7
2021-12-19T10:00,1200535,13.3,10.2,790.5,2.0,0.0,3.7,73.0,1020.8
2021-12-19T11:00,1200535,14.0,11.7,1217.9,2.0,0.0,3.9,68.0,1020.5
2021-12-19T12:00,1200535,10.1,13.5,1463.8,2.0,0.0,2.8,65.0,1019.7
2021-12-19T13:00,1200535,13.7,15.9,1458.7,3.0,0.0,3.8,59.0,1018.4
2021-12-19T14:00,1200535,20.5,16.6,1319.9,3.0,0.0,5.7,57.0,1017.4
2021-12-19T15:00,1200535,20.5,17.1,988.4,3.0,0.0,5.7,55.0,1016.5
2021-12-19T16:00,1200535,16.9,17.0,516.7,3.0,0.0,4.7,54.0,1016.2
2021-12-19T17:00,1200535,15.1,16.9,151.2,3.0,0.0,4.2,55.0,1016.1
2021-12-19T18:00,1200535,12.2,16.7,4.2,3.0,0.0,3.4,55.0,1016.2
2021-12-19T19:00,1200535,12.6,16.2,0.0,3.0,0.0,3.5,57.0,1016.5
2021-12-19T20:00,1200535,9.4,15.6,0.0,4.0,0.0,2.6,62.0,1016.9
2021-12-19T21:00,1200535,10.8,15.3,0.0,4.0,0.0,3.0,66.0,1017.1
2021-12-19T22:00,1200535,7.9,15.1,0.0,4.0,0.4,2.2,71.0,1017.5
2021-12-19T23:00,1200535,12.6,13.8,0.0,4.0,0.5,3.5,85.0,1017.2
2021-12-20T00:00,1200535,8.3,13.4,0.0,3.0,0.2,2.3,87.0,1016.8
2021-12-20T01:00,1200535,7.2,13.3,0.0,3.0,0.9,2.0,90.0,1016.9
2021-12-20T02:00,1200535,15.1,13.1,0.0,4.0,6.1,4.2,97.0,1016.7
2021-12-20T03:00,1200535,14.8,13.0,0.0,4.0,3.0,4.1,100.0,1016.2
2021-12-20T04:00,1200535,11.5,13.0,0.0,3.0,6.6,3.2,100.0,1016.3
2021-12-20T05:00,1200535,13.0,12.9,0.0,4.0,2.5,3.6,100.0,1015.6
2021-12-20T06:00,1200535,10.8,13.2,0.0,4.0,2.4,3.0,100.0,1015.4
2021-12-20T07:00,1200535,10.4,13.7,0.0,4.0,4.0,2.9,100.0,1015.6
2021-12-20T08:00,1200535,9.7,13.7,0.0,4.0,2.9,2.7,100.0,1016.0
2021-12-20T09:00,1200535,7.9,13.9,30.5,3.0,0.1,2.2,100.0,1016.3
2021-12-20T10:00,1200535,13.3,13.9,64.9,4.0,2.1,3.7,100.0,1016.5
2021-12-20T11:00,1200535,13.0,14.3,102.3,4.0,1.6,3.6,100.0,1016.5
2021-12-20T12:00,1200535,14.4,14.8,176.2,4.0,0.1,4.0,100.0,1016.3
2021-12-20T13:00,1200535,20.5,15.4,145.9,5.0,2.7,5.7,100.0,1015.6
2021-12-20T14:00,1200535,13.3,15.2,191.8,5.0,3.7,3.7,100.0,1015.5
2021-12-20T15:00,1200535,7.6,15.2,414.6,4.0,0.0,2.1,100.0,1015.1
2021-12-20T16:00,1200535,12.2,15.7,184.9,5.0,0.0,3.4,100.0,1015.1
2021-12-20T17:00,1200535,19.4,15.8,56.3,5.0,0.5,5.4,99.0,1015.0
2021-12-20T18:00,1200535,19.4,16.1,3.0,5.0,0.0,5.4,100.0,1014.7
2021-12-20T19:00,1200535,21.6,16.4,0.0,5.0,0.0,6.0,100.0,1014.7
2021-12-20T20:00,1200535,21.2,16.5,0.0,5.0,0.0,5.9,96.0,1015.0
2021-12-20T21:00,1200535,19.8,16.6,0.0,5.0,0.0,5.5,93.0,1015.3
2021-12-20T22:00,1200535,19.4,16.3,0.0,5.0,0.0,5.4,92.0,1015.5
2021-12-20T23:00,1200535,19.1,16.5,0.0,5.0,0.0,5.3,92.0,1015.8
2021-12-21T00:00,1200535,16.9,16.6,0.0,5.0,0.0,4.7,95.0,1016.0
2021-12-21T01:00,1200535,14.8,16.6,0.0,5.0,0.0,4.1,97.0,1016.1
2021-12-21T02:00,1200535,15.5,16.5,0.0,5.0,0.0,4.3,96.0,1015.9
2021-12-21T03:00,1200535,12.6,16.3,0.0,4.0,0.0,3.5,94.0,1015.9
2021-12-21T04:00,1200535,8.6,15.2,0.0,3.0,0.0,2.4,96.0,1015.6
2021-12-21T05:00,1200535,11.2,14.1,0.0,3.0,0.0,3.1,98.0,1014.9
2021-12-21T06:00,1200535,8.6,13.5,0.0,3.0,0.0,2.4,99.0,1014.4
2021-12-21T07:00,1200535,11.2,13.6,0.0,3.0,0.0,3.1,100.0,1014.5
2021-12-21T08:00,1200535,13.7,13.8,1.2,3.0,0.0,3.8,100.0,1014.7
2021-12-21T09:00,1200535,12.6,13.9,118.5,3.0,0.0,3.5,100.0,1014.7
2021-12-21T10:00,1200535,11.2,14.9,583.9,4.0,0.0,3.1,97.0,1014.5
2021-12-21T11:00,1200535,15.5,16.6,676.8,4.0,0.0,4.3,86.0,1014.7
2021-12-21T12:00,1200535,18.0,17.5,645.9,4.0,0.0,5.0,79.0,1014.1
2021-12-21T13:00,1200535,20.5,16.9,166.2,5.0,0.6,5.7,84.0,1013.2
2021-12-21T14:00,1200535,18.4,16.4,311.8,5.0,0.9,5.1,89.0,1012.7
2021-12-21T15:00,1200535,17.3,16.8,153.9,5.0,0.3,4.8,85.0,1012.3
2021-12-21T16:00,1200535,19.8,16.1,326.5,4.0,0.4,5.5,94.0,1012.1
2021-12-21T17:00,1200535,14.4,15.9,103.5,4.0,0.2,4.0,94.0,1012.2
2021-12-21T18:00,1200535,12.2,15.4,7.3,4.0,0.1,3.4,94.0,1012.8
2021-12-21T19:00,1200535,9.0,15.0,0.0,4.0,0.1,2.5,96.0,1013.1
2021-12-21T20:00,1200535,16.6,14.6,0.0,5.0,0.3,4.6,98.0,1013.1
2021-12-21T21:00,1200535,9.0,14.5,0.0,5.0,0.2,2.5,96.0,1013.3
2021-12-21T22:00,1200535,12.2,14.4,0.0,5.0,0.1,3.4,98.0,1013.7
2021-12-21T23:00,1200535,10.1,14.4,0.0,5.0,0.1,2.8,97.0,1014.0
2021-12-22T00:00,1200535,9.4,14.2,0.0,6.0,0.1,2.6,94.0,1014.5
2021-12-22T01:00,1200535,6.5,14.1,0.0,5.0,0.0,1.8,95.0,1014.8
2021-12-22T02:00,1200535,9.7,13.8,0.0,5.0,0.1,2.7,98.0,1014.8
2021-12-22T03:00,1200535,6.1,13.7,0.0,4.0,0.0,1.7,100.0,1015.1
2021-12-22T04:00,1200535,6.1,13.7,0.0,5.0,0.0,1.7,100.0,1015.4
2021-12-22T05:00,1200535,4.7,13.5,0.0,4.0,0.0,1.3,100.0,1015.1
2021-12-22T06:00,1200535,4.3,13.5,0.0,3.0,0.0,1.2,100.0,1015.2
2021-12-22T07:00,1200535,-0.7188809780654906,13.4,0.0,0.0,0.0,-8.148271125494364,100.0,1015.5
2021-12-22T07:00,1200535,5.4,13.4,0.0,3.0,0.0,1.5,100.0,1015.5
2021-12-22T08:00,1200535,5.4,13.1,2.0,3.0,0.1,1.5,100.0,1015.9
2021-12-22T09:00,1200535,6.1,12.6,66.1,2.0,0.0,1.7,100.0,1016.4
2021-12-22T10:00,1200535,7.2,12.5,88.4,4.0,0.1,2.0,100.0,1016.9
2021-12-22T11:00,1200535,5.0,13.6,328.3,4.0,0.1,1.4,100.0,1017.2
2021-12-22T12:00,1200535,6.8,14.6,760.8,4.0,0.0,1.9,100.0,1017.0
2021-12-22T13:00,1200535,12.6,15.7,654.8,5.0,0.1,3.5,100.0,1016.3
2021-12-22T14:00,1200535,13.7,17.0,919.4,5.0,0.1,3.8,90.0,1015.8
2021-12-22T15:00,1200535,16.2,17.0,388.3,5.0,0.1,4.5,84.0,1015.5
2021-12-22T16:00,1200535,11.5,16.3,261.2,5.0,0.0,3.2,89.0,1015.6
2021-12-22T17:00,1200535,11.9,16.1,86.3,5.0,0.1,3.3,90.0,1015.8
2021-12-22T18:00,1200535,7.2,15.3,3.1,5.0,0.0,2.0,94.0,1015.9
2021-12-22T19:00,1200535,11.2,15.2,0.0,5.0,0.1,3.1,95.0,1016.2
2021-12-22T20:00,1200535,9.7,15.3,0.0,5.0,0.0,2.7,96.0,1016.2
2021-12-22T21:00,1200535,7.2,15.3,0.0,5.0,0.1,2.0,99.0,1016.6
2021-12-22T22:00,1200535,10.4,15.4,0.0,5.0,0.0,2.9,100.0,1016.9
2021-12-22T23:00,1200535,8.6,15.2,0.0,5.0,0.1,2.4,100.0,1016.8
2021-12-23T00:00,1200535,10.4,15.0,0.0,5.0,0.0,2.9,100.0,1016.8
2021-12-23T01:00,1200535,5.8,15.2,0.0,5.0,0.0,1.6,100.0,1016.7
2021-12-23T02:00,1200535,6.5,15.3,0.0,5.0,0.1,1.8,100.0,1016.3
2021-12-23T03:00,1200535,9.7,15.4,0.0,5.0,0.0,2.7,100.0,1016.0
2021-12-23T04:00,1200535,9.4,15.4,0.0,5.0,0.0,2.6,100.0,1015.8
2021-12-23T05:00,1200535,10.4,15.5,0.0,6.0,0.1,2.9,100.0,1015.5
2021-12-23T06:00,1200535,14.8,15.7,0.0,6.0,0.0,4.1,100.0,1015.3
2021-12-23T07:00,1200535,11.2,15.6,0.0,6.0,0.1,3.1,100.0,1015.5
2021-12-23T08:00,1200535,13.7,15.3,2.2,6.0,0.0,3.8,100.0,1015.7
2021-12-23T09:00,1200535,13.0,15.2,67.0,6.0,5.9,3.6,100.0,1015.9
2021-12-23T10:00,1200535,8.6,14.9,190.7,6.0,0.0,2.4,100.0,1016.3
2021-12-23T11:00,1200535,12.2,15.4,412.5,7.0,0.0,3.4,100.0,1016.8
2021-12-23T12:00,1200535,11.5,16.0,872.2,7.0,0.0,3.2,98.0,1016.8
2021-12-23T13:00,1200535,10.1,17.3,1099.6,6.0,0.0,2.8,84.0,1016.0
2021-12-23T14:00,1200535,11.5,16.7,744.0,6.0,0.0,3.2,85.0,1015.1
2021-12-23T15:00,1200535,14.8,16.3,778.4,6.0,0.0,4.1,84.0,1014.6
2021-12-23T16:00,1200535,11.9,15.7,451.0,6.0,0.0,3.3,87.0,1014.6
2021-12-23T17:00,1200535,11.9,15.2,162.8,6.0,0.0,3.3,91.0,1015.1
2021-12-23T18:00,1200535,8.6,14.7,12.6,6.0,0.0,2.4,96.0,1015.2
2021-12-23T19:00,1200535,10.1,14.3,0.0,6.0,0.0,2.8,99.0,1015.6
2021-12-23T20:00,1200535,5.0,14.1,0.0,5.0,0.0,1.4,100.0,1015.9
2021-12-23T21:00,1200535,5.0,13.7,0.0,5.0,0.0,1.4,100.0,1016.0
2021-12-23T22:00,1200535,5.8,13.1,0.0,5.0,0.0,1.6,100.0,1015.9
2021-12-23T23:00,1200535,5.8,13.1,0.0,5.0,0.0,1.6,100.0,1015.4
2021-12-24T00:00,1200535,10.8,13.0,0.0,6.0,0.0,3.0,100.0,1014.9
2021-12-24T01:00,1200535,11.5,13.0,0.0,6.0,0.0,3.2,99.0,1014.5
2021-12-24T02:00,1200535,4.3,12.7,0.0,6.0,0.0,1.2,99.0,1013.9
2021-12-24T03:00,1200535,5.0,12.3,0.0,5.0,0.0,1.4,100.0,1013.5
2021-12-24T04:00,1200535,4.3,12.5,0.0,5.0,0.0,1.2,100.0,1013.3
2021-12-24T05:00,1200535,9.0,12.8,0.0,6.0,0.0,2.5,100.0,1012.8
2021-12-24T06:00,1200535,6.5,12.9,0.0,5.0,0.0,1.8,100.0,1012.5
2021-12-24T07:00,1200535,9.7,12.9,0.0,5.0,0.1,2.7,100.0,1012.3
2021-12-24T08:00,1200535,10.4,12.8,1.6,5.0,0.0,2.9,100.0,1012.2
2021-12-24T09:00,1200535,11.2,13.0,96.3,5.0,0.0,3.1,100.0,1011.9
2021-12-24T10:00,1200535,9.4,13.5,317.0,5.0,0.0,2.6,100.0,1011.8
2021-12-24T11:00,1200535,14.4,15.0,747.7,5.0,0.0,4.0,96.0,1011.3
2021-12-24T12:00,1200535,20.9,16.7,1009.0,6.0,0.0,5.8,77.0,1010.7
2021-12-24T13:00,1200535,18.4,15.3,380.4,6.0,0.5,5.1,87.0,1009.9
2021-12-24T14:00,1200535,18.7,14.0,134.3,6.0,10.2,5.2,98.0,1008.8
2021-12-24T15:00,1200535,21.6,14.4,693.6,6.0,0.1,6.0,98.0,1008.1
2021-12-24T16:00,1200535,15.8,14.9,627.6,6.0,0.0,4.4,86.0,1008.3
2021-12-24T17:00,1200535,18.4,14.6,155.9,6.0,0.0,5.1,85.0,1008.5
2021-12-24T18:00,1200535,14.0,13.5,7.6,6.0,0.0,3.9,80.0,1008.2
2021-12-24T19:00,1200535,9.7,13.2,0.0,6.0,0.0,2.7,89.0,1008.0
2021-12-24T20:00,1200535,12.6,13.9,0.0,6.0,0.0,3.5,93.0,1008.1
2021-12-24T21:00,1200535,13.0,14.1,0.0,6.0,0.0,3.6,93.0,1007.6
2021-12-24T22:00,1200535,17.6,14.3,0.0,6.0,0.0,4.9,94.0,1007.1
2021-12-24T23:00,1200535,15.5,14.6,0.0,6.0,0.0,4.3,92.0,1006.7
2021-12-25T00:00,1200535,16.9,14.8,0.0,6.0,0.0,4.7,94.0,1006.1
2021-12-25T01:00,1200535,22.3,13.4,0.6,6.0,4.0,6.2,94.0,1005.4
2021-12-25T02:00,1200535,25.6,13.7,0.0,6.0,1.5,7.1,96.0,1004.3
2021-12-25T03:00,1200535,20.9,13.4,0.0,5.0,1.6,5.8,97.0,1003.6
2021-12-25T04:00,1200535,19.8,13.2,0.0,5.0,4.7,5.5,100.0,1002.4
2021-12-25T05:00,1200535,28.1,13.4,0.0,5.0,1.4,7.8,100.0,1001.0
2021-12-25T06:00,1200535,32.8,14.3,0.0,6.0,3.7,9.1,100.0,999.6
2021-12-25T07:00,1200535,28.8,15.2,0.0,6.0,0.4,8.0,100.0,1000.0
2021-12-25T08:00,1200535,28.8,15.2,1.2,6.0,0.0,8.0,99.0,1000.3
2021-12-25T09:00,1200535,24.8,14.9,51.8,6.0,0.0,6.9,98.0,1000.6
2021-12-25T10:00,1200535,12.2,14.9,131.1,6.0,0.2,3.4,100.0,1001.5
2021-12-25T11:00,1200535,28.8,15.2,439.3,7.0,0.0,8.0,98.0,1003.0
2021-12-25T12:00,1200535,24.1,15.6,768.1,7.0,0.0,6.7,94.0,1003.9
2021-12-25T13:00,1200535,30.6,16.0,967.4,8.0,0.0,8.5,92.0,1004.2
2021-12-25T14:00,1200535,20.9,16.0,936.2,8.0,0.0,5.8,86.0,1005.2
2021-12-25T15:00,1200535,13.3,16.0,664.2,8.0,0.0,3.7,82.0,1006.6
2021-12-25T16:00,1200535,13.0,15.5,388.6,8.0,0.0,3.6,87.0,1007.6
2021-12-25T17:00,1200535,9.0,15.4,169.7,8.0,0.0,2.5,84.0,1008.8
2021-12-25T18:00,1200535,14.4,14.8,6.0,8.0,0.0,4.0,86.0,1009.6
2021-12-25T19:00,1200535,4.3,14.1,0.0,6.0,0.0,1.2,88.0,1010.4
2021-12-25T20:00,1200535,5.0,13.8,0.0,5.0,0.0,1.4,92.0,1011.4
2021-12-25T21:00,1200535,4.0,13.8,0.0,5.0,0.0,1.1,93.0,1011.8
2021-12-25T22:00,1200535,7.9,14.0,0.0,6.0,0.0,2.2,94.0,1012.2
2021-12-25T23:00,1200535,6.8,14.2,0.0,6.0,0.0,1.9,95.0,1012.4
2021-12-26T00:00,1200535,10.8,14.2,0.0,6.0,0.0,3.0,97.0,1012.6
2021-12-26T01:00,1200535,14.8,14.3,0.0,6.0,0.1,4.1,97.0,1013.0
2021-12-26T02:00,1200535,7.9,14.1,0.0,6.0,0.0,2.2,98.0,1012.8
2021-12-26T03:00,1200535,11.2,14.1,0.0,6.0,0.0,3.1,97.0,1012.6
2021-12-26T04:00,1200535,9.4,14.4,0.0,6.0,0.0,2.6,95.0,1012.9
2021-12-26T05:00,1200535,14.8,14.7,0.0,6.0,0.0,4.1,95.0,1012.6
2021-12-26T06:00,1200535,15.1,14.9,0.0,6.0,0.6,4.2,98.0,1012.4
2021-12-26T07:00,1200535,18.7,15.0,0.0,6.0,0.8,5.2,100.0,1012.1
2021-12-26T08:00,1200535,19.8,15.3,0.5,6.0,0.7,5.5,100.0,1012.1
2021-12-26T09:00,1200535,18.7,15.9,61.5,6.0,0.3,5.2,100.0,1012.7
2021-12-26T10:00,1200535,23.0,16.2,114.4,6.0,0.2,6.4,100.0,1013.1
2021-12-26T11:00,1200535,23.4,16.6,324.4,6.0,0.1,6.5,100.0,1013.6
2021-12-26T12:00,1200535,23.4,16.9,416.8,6.0,0.2,6.5,100.0,1013.6
2021-12-26T13:00,1200535,24.1,16.9,452.3,6.0,0.4,6.7,100.0,1013.3
2021-12-26T14:00,1200535,19.4,16.5,520.6,6.0,0.4,5.4,100.0,1013.0
2021-12-26T15:00,1200535,18.7,16.4,361.1,6.0,0.1,5.2,100.0,1012.9
2021-12-26T16:00,1200535,20.9,16.2,173.8,6.0,1.0,5.8,100.0,1013.0
2021-12-26T17:00,1200535,21.6,16.1,55.3,6.0,0.7,6.0,100.0,1013.2
2021-12-26T18:00,1200535,21.6,16.0,3.4,6.0,0.0,6.0,100.0,1013.7
2021-12-26T19:00,1200535,22.3,16.1,0.0,6.0,3.3,6.2,100.0,1013.9
2021-12-26T20:00,1200535,16.2,16.0,0.0,6.0,0.8,4.5,100.0,1014.3
